timestamp,pitch,pitch_rate,error,integral,wheel_vel,control_output
7.260000,-0.100842,-0.042034,0.210842,0.000843,2.306616,2.306616
7.264000,-0.099354,-0.019087,0.209354,0.001681,2.362014,2.362014
7.268000,-0.100708,0.075107,0.210708,0.002524,2.452226,2.452226
7.272000,-0.103162,-0.270089,0.213162,0.003376,2.558277,2.558277
7.276000,-0.109370,-0.605706,0.219370,0.004254,2.708929,2.708929
7.280000,-0.115643,-0.036466,0.225643,0.005156,2.864619,2.864619
7.284000,-0.123323,1.203706,0.233323,0.006090,3.039721,3.039721
7.288000,-0.129833,1.634087,0.239833,0.007049,3.206270,3.206270
7.292000,-0.135825,0.907354,0.245825,0.008032,3.370836,3.370836
7.296000,-0.138855,-0.583686,0.248855,0.009028,3.506347,3.506347
7.300000,-0.139502,-0.815300,0.249502,0.010026,3.617963,3.617963
7.304000,-0.144830,-1.196514,0.254830,0.011045,3.782008,3.782008
7.308000,-0.147764,-0.750471,0.257764,0.012076,3.922485,3.922485
7.312000,-0.145826,-0.625417,0.255826,0.013099,4.011404,4.011404
7.316000,-0.146229,-0.471187,0.256229,0.014124,4.125930,4.125930
7.320000,-0.151058,0.562438,0.261058,0.015168,4.289512,4.289512
7.324000,-0.140031,1.021538,0.250031,0.016169,4.281654,4.281654
7.328000,-0.139458,1.347104,0.249458,0.017166,4.384840,4.384840
7.332000,-0.135974,0.599567,0.245974,0.018150,4.456094,4.456094
7.336000,-0.126673,-0.243965,0.236673,0.019097,4.462613,4.462613
7.340000,-0.119137,-0.665293,0.229137,0.020014,4.485264,4.485264
7.344000,-0.116427,-0.915859,0.226427,0.020919,4.557957,4.557957
7.348000,-0.102962,-0.220730,0.212962,0.021771,4.511758,4.511758
7.352000,-0.094905,-0.086786,0.204905,0.022591,4.519855,4.519855
7.356000,-0.080807,-0.565432,0.190807,0.023354,4.458619,4.458619
7.360000,-0.075631,-0.537199,0.185631,0.024097,4.489626,4.489626
7.364000,-0.067440,-0.526107,0.177440,0.024806,4.485159,4.485159
7.368000,-0.058377,-0.377480,0.168377,0.025480,4.467662,4.467662
7.372000,-0.048189,0.167215,0.158189,0.026113,4.434073,4.434073
7.376000,-0.035035,0.481818,0.145035,0.026693,4.363811,4.363811
7.380000,-0.029561,0.465619,0.139561,0.027251,4.372286,4.372286
7.384000,-0.022572,0.457818,0.132572,0.027781,4.361418,4.361418
7.388000,-0.016994,-0.112997,0.126994,0.028289,4.362771,4.362771
7.392000,-0.005875,-0.742836,0.115875,0.028753,4.300804,4.300804
7.396000,0.001070,-1.109388,0.108930,0.029188,4.279957,4.279957
7.400000,0.001887,-1.542982,0.108113,0.029621,4.322965,4.322965
7.404000,0.005675,-1.203870,0.104325,0.030038,4.332385,4.332385
7.408000,0.008987,-0.136195,0.101013,0.030442,4.345065,4.345065
7.412000,0.009851,0.548715,0.100149,0.030843,4.382797,4.382797
7.416000,0.011901,1.008611,0.098099,0.031235,4.406714,4.406714
7.420000,0.009993,0.499048,0.100007,0.031635,4.472785,4.472785
7.424000,0.008201,0.103533,0.101799,0.032042,4.537825,4.537825
7.428000,0.009252,-0.109844,0.100748,0.032445,4.572079,4.572079
7.432000,0.006670,-0.805112,0.103330,0.032859,4.645533,4.645533
7.436000,0.005613,-0.831269,0.104387,0.033276,4.703014,4.703014
7.440000,0.005306,-0.367023,0.104694,0.033695,4.752553,4.752553
7.444000,0.003606,-0.180359,0.106394,0.034121,4.817380,4.817380
7.448000,0.009059,0.881968,0.100941,0.034524,4.804504,4.804504
7.452000,0.005803,1.311126,0.104197,0.034941,4.885059,4.885059
7.456000,0.003098,1.421218,0.106902,0.035369,4.960590,4.960590
7.460000,0.008401,1.381103,0.101599,0.035775,4.949412,4.949412
7.464000,0.007358,1.087679,0.102642,0.036186,5.005893,5.005893
7.468000,0.010296,0.599131,0.099704,0.036585,5.019109,5.019109
7.472000,0.018585,0.489912,0.091415,0.036950,4.972739,4.972739
7.476000,0.022222,0.221956,0.087778,0.037301,4.974365,4.974365
7.480000,0.021361,0.563649,0.088639,0.037656,5.023714,5.023714
7.484000,0.033295,1.243520,0.076705,0.037963,4.933119,4.933119
7.488000,0.037756,1.461733,0.072244,0.038252,4.920036,4.920036
7.492000,0.044182,1.727182,0.065818,0.038515,4.883542,4.883542
7.496000,0.059843,2.034007,0.050157,0.038716,4.743423,4.743423
7.500000,0.068471,1.504571,0.041529,0.038882,4.674478,4.674478
7.504000,0.079990,0.597311,0.030010,0.039002,4.570289,4.570289
7.508000,0.088949,0.538157,0.021051,0.039086,4.489487,4.489487
7.512000,0.101334,-0.273815,0.008666,0.039121,4.367347,4.367347
7.516000,0.113711,-0.225076,-0.003711,0.039106,4.240277,4.240277
7.520000,0.121693,0.949736,-0.011693,0.039059,4.156173,4.156173
7.524000,0.127711,1.711833,-0.017711,0.038988,4.089870,4.089870
7.528000,0.154209,2.460367,-0.044209,0.038811,3.796528,3.796528
7.532000,0.160520,2.301927,-0.050520,0.038609,3.714162,3.714162
7.536000,0.163984,1.410302,-0.053984,0.038393,3.659564,3.659564
7.540000,0.162078,0.899324,-0.052078,0.038185,3.661441,3.661441
7.544000,0.163554,0.256180,-0.053554,0.037971,3.625997,3.625997
7.548000,0.166092,0.419177,-0.056092,0.037746,3.577725,3.577725
7.552000,0.166960,1.441994,-0.056960,0.037519,3.546235,3.546235
7.556000,0.163897,1.254339,-0.053897,0.037303,3.556928,3.556928
7.560000,0.164451,1.287100,-0.054451,0.037085,3.528642,3.528642
7.564000,0.161423,1.557248,-0.051423,0.036879,3.539053,3.539053
7.568000,0.159133,1.287679,-0.049133,0.036683,3.542171,3.542171
7.572000,0.155656,1.196189,-0.045656,0.036500,3.558909,3.558909
7.576000,0.159050,0.924921,-0.049050,0.036304,3.501609,3.501609
7.580000,0.159514,0.824934,-0.049514,0.036106,3.475219,3.475219
7.584000,0.156408,1.234710,-0.046408,0.035920,3.487675,3.487675
7.588000,0.153037,1.102369,-0.043037,0.035748,3.504037,3.504037
7.592000,0.156823,1.082199,-0.046823,0.035561,3.443259,3.443259
7.596000,0.154229,0.726055,-0.044229,0.035384,3.451083,3.451083
7.600000,0.152539,0.375463,-0.042539,0.035214,3.449889,3.449889
7.604000,0.150248,0.318691,-0.040248,0.035053,3.455879,3.455879
7.608000,0.145136,0.348980,-0.035136,0.034912,3.493593,3.493593
7.612000,0.141928,0.367203,-0.031928,0.034785,3.512309,3.512309
7.616000,0.139227,0.722007,-0.029227,0.034668,3.526750,3.526750
7.620000,0.135572,0.933975,-0.025572,0.034565,3.552768,3.552768
7.624000,0.139414,1.139878,-0.029414,0.034448,3.498231,3.498231
7.628000,0.137707,0.910219,-0.027707,0.034337,3.503337,3.503337
7.632000,0.141409,0.640297,-0.031409,0.034211,3.449983,3.449983
7.636000,0.145780,0.741815,-0.035780,0.034068,3.388178,3.388178
7.640000,0.147709,0.426503,-0.037709,0.033917,3.351640,3.351640
7.644000,0.159820,0.166744,-0.049820,0.033718,3.202988,3.202988
7.648000,0.168531,0.345731,-0.058531,0.033484,3.087329,3.087329
7.652000,0.184673,0.044447,-0.074673,0.033185,2.887105,2.887105
7.656000,0.193387,0.256062,-0.083387,0.032852,2.762225,2.762225
7.660000,0.196335,0.225555,-0.086335,0.032506,2.696806,2.696806
7.664000,0.213376,0.615035,-0.103376,0.032093,2.475496,2.475496
7.668000,0.228546,0.815736,-0.118546,0.031619,2.268246,2.268246
7.672000,0.240421,0.470075,-0.130421,0.031097,2.091045,2.091045
7.676000,0.249043,0.902328,-0.139043,0.030541,1.944418,1.944418
7.680000,0.257656,0.555595,-0.147656,0.029950,1.793946,1.793946
7.684000,0.266151,0.448809,-0.156151,0.029326,1.640849,1.640849
7.688000,0.282366,1.108242,-0.172366,0.028636,1.399439,1.399439
7.692000,0.289284,1.087998,-0.179284,0.027919,1.253289,1.253289
7.696000,0.299166,1.082821,-0.189166,0.027162,1.071291,1.071291
7.700000,0.306835,0.998420,-0.196835,0.026375,0.909139,0.909139
7.704000,0.309392,0.064159,-0.199392,0.025577,0.799309,0.799309
7.708000,0.310890,-0.058398,-0.200890,0.024774,0.699252,0.699252
7.712000,0.311794,0.166635,-0.201794,0.023967,0.604368,0.604368
7.716000,0.310426,0.363451,-0.200426,0.023165,0.533352,0.533352
7.720000,0.310921,0.855801,-0.200921,0.022361,0.441860,0.441860
7.724000,0.306494,1.256924,-0.196494,0.021575,0.403622,0.403622
7.728000,0.304368,0.968870,-0.194368,0.020798,0.341371,0.341371
7.732000,0.296974,0.833858,-0.186974,0.020050,0.337281,0.337281
7.736000,0.291398,0.596439,-0.181398,0.019324,0.315705,0.315705
7.740000,0.283297,0.349595,-0.173297,0.018631,0.323722,0.323722
7.744000,0.282880,0.386371,-0.172880,0.017940,0.250585,0.250585
7.748000,0.277794,0.299984,-0.167794,0.017269,0.228948,0.228948
7.752000,0.276565,0.551005,-0.166565,0.016602,0.167098,0.167098
7.756000,0.270980,0.892892,-0.160980,0.015958,0.153615,0.153615
7.760000,0.266149,0.924765,-0.156149,0.015334,0.134034,0.134034
7.764000,0.267659,1.216429,-0.157659,0.014703,0.047044,0.047044
7.768000,0.267197,1.037185,-0.157197,0.014074,-0.018529,-0.018529
7.772000,0.265907,0.888666,-0.155907,0.013451,-0.074633,-0.074633
7.776000,0.268119,0.677927,-0.158119,0.012818,-0.168403,-0.168403
7.780000,0.268514,0.473954,-0.158514,0.012184,-0.242854,-0.242854
7.784000,0.273841,0.511477,-0.163841,0.011529,-0.371281,-0.371281
7.788000,0.273045,0.666247,-0.163045,0.010877,-0.434451,-0.434451
7.792000,0.274628,0.710007,-0.164628,0.010218,-0.523427,-0.523427
7.796000,0.280440,0.635387,-0.170440,0.009536,-0.659219,-0.659219
7.800000,0.277580,0.866325,-0.167580,0.008866,-0.702155,-0.702155
7.804000,0.283566,0.729577,-0.173566,0.008172,-0.841060,-0.841060
7.808000,0.289571,0.684358,-0.179571,0.007454,-0.982262,-0.982262
7.812000,0.292486,0.560449,-0.182486,0.006724,-1.091880,-1.091880
7.816000,0.296604,0.694831,-0.186604,0.005977,-1.215897,-1.215897
7.820000,0.296907,0.632952,-0.186907,0.005230,-1.299854,-1.299854
7.824000,0.301150,0.548310,-0.191150,0.004465,-1.427305,-1.427305
7.828000,0.309785,0.867827,-0.199785,0.003666,-1.604485,-1.604485
7.832000,0.309937,0.903083,-0.199937,0.002866,-1.692085,-1.692085
7.836000,0.313563,1.156800,-0.203563,0.002052,-1.818121,-1.818121
7.840000,0.321684,0.859650,-0.211684,0.001205,-1.994903,-1.994903
7.844000,0.327302,0.700027,-0.217302,0.000336,-2.147376,-2.147376
7.848000,0.333207,0.780562,-0.223207,-0.000557,-2.305334,-2.305334
7.852000,0.344269,0.708716,-0.234269,-0.001494,-2.522163,-2.522163
7.856000,0.348506,0.461621,-0.238506,-0.002448,-2.668567,-2.668567
7.860000,0.353824,0.434085,-0.243824,-0.003423,-2.828849,-2.828849
7.864000,0.360696,0.537655,-0.250696,-0.004426,-3.008497,-3.008497
7.868000,0.362283,0.666480,-0.252283,-0.005435,-3.133238,-3.133238
7.872000,0.360543,0.161892,-0.250543,-0.006437,-3.222698,-3.222698
7.876000,0.360057,0.043761,-0.250057,-0.007438,-3.325798,-3.325798
7.880000,0.359636,0.185613,-0.249636,-0.008436,-3.429798,-3.429798
7.884000,0.356773,0.018515,-0.246773,-0.009423,-3.507223,-3.507223
7.888000,0.352263,-0.008657,-0.242263,-0.010392,-3.565886,-3.565886
7.892000,0.346661,-0.147477,-0.236661,-0.011339,-3.611172,-3.611172
7.896000,0.344927,0.000602,-0.234927,-0.012279,-3.696882,-3.696882
7.900000,0.342914,0.321169,-0.232914,-0.013210,-3.778842,-3.778842
7.904000,0.333762,0.040966,-0.223762,-0.014105,-3.781888,-3.781888
7.908000,0.330729,0.000175,-0.220729,-0.014988,-3.848631,-3.848631
7.912000,0.327851,0.439044,-0.217851,-0.015860,-3.915737,-3.915737
7.916000,0.319785,0.159395,-0.209785,-0.016699,-3.924820,-3.924820
7.920000,0.312664,-0.093244,-0.202664,-0.017510,-3.941200,-3.941200
7.924000,0.304379,-0.712196,-0.194379,-0.018287,-3.942033,-3.942033
7.928000,0.298225,-0.923014,-0.188225,-0.019040,-3.962901,-3.962901
7.932000,0.295972,-0.673978,-0.185972,-0.019784,-4.023829,-4.023829
7.936000,0.293710,-0.236103,-0.183710,-0.020519,-4.083330,-4.083330
7.940000,0.290651,0.509836,-0.180651,-0.021241,-4.132863,-4.132863
7.944000,0.293296,0.777695,-0.183296,-0.021974,-4.243323,-4.243323
7.948000,0.290666,1.239585,-0.180666,-0.022697,-4.296567,-4.296567
7.952000,0.290961,1.070181,-0.180961,-0.023421,-4.380642,-4.380642
7.956000,0.293082,0.500587,-0.183082,-0.024153,-4.484528,-4.484528
7.960000,0.295946,0.220943,-0.185946,-0.024897,-4.597048,-4.597048
7.964000,0.298051,-0.666077,-0.188051,-0.025649,-4.702107,-4.702107
7.968000,0.304687,-0.425757,-0.194687,-0.026428,-4.857419,-4.857419
7.972000,0.308486,-0.130497,-0.198486,-0.027222,-4.983946,-4.983946
7.976000,0.311671,-0.010884,-0.201671,-0.028029,-5.105187,-5.105187
7.980000,0.313742,0.963834,-0.203742,-0.028844,-5.215521,-5.215521
7.984000,0.321173,2.012651,-0.211173,-0.029688,-5.385397,-5.385397
7.988000,0.323599,1.899597,-0.213599,-0.030543,-5.503266,-5.503266
7.992000,0.324630,1.974617,-0.214630,-0.031401,-5.607015,-5.607015
7.996000,0.325581,0.600425,-0.215581,-0.032264,-5.710544,-5.710544
8.000000,0.326931,-0.271703,-0.216931,-0.033131,-5.819022,-5.819022
8.004000,0.323857,-0.453002,-0.213857,-0.033987,-5.879790,-5.879790
8.008000,0.321048,0.007656,-0.211048,-0.034831,-5.942621,-5.942621
8.012000,0.317791,0.809194,-0.207791,-0.035662,-5.999697,-5.999697
8.016000,0.312593,1.771392,-0.202593,-0.036472,-6.034467,-6.034467
8.020000,0.311001,1.792830,-0.201001,-0.037276,-6.106877,-6.106877
8.024000,0.306516,1.091255,-0.196516,-0.038063,-6.146963,-6.146963
8.028000,0.301769,-0.186977,-0.191769,-0.038830,-6.182512,-6.182512
8.032000,0.298825,-0.910619,-0.188825,-0.039585,-6.235977,-6.235977
8.036000,0.299089,-0.698640,-0.189089,-0.040341,-6.323269,-6.323269
8.040000,0.297541,0.332197,-0.187541,-0.041091,-6.390560,-6.390560
8.044000,0.289514,2.042374,-0.179514,-0.041809,-6.386250,-6.386250
8.048000,0.281396,2.763870,-0.171396,-0.042495,-6.378006,-6.378006
8.052000,0.270384,2.262227,-0.160384,-0.043137,-6.335037,-6.335037
8.056000,0.261376,0.519234,-0.151376,-0.043742,-6.309825,-6.309825
8.060000,0.256646,-0.549523,-0.146646,-0.044329,-6.327795,-6.327795
8.064000,0.251461,-0.765939,-0.141461,-0.044895,-6.338566,-6.338566
8.068000,0.247806,-0.120550,-0.137806,-0.045446,-6.363705,-6.363705
8.072000,0.236685,1.297436,-0.126685,-0.045953,-6.305351,-6.305351
8.076000,0.228589,1.711822,-0.118589,-0.046427,-6.275777,-6.275777
8.080000,0.221567,1.541988,-0.111567,-0.046873,-6.254547,-6.254547
8.084000,0.216927,0.900958,-0.106927,-0.047301,-6.256314,-6.256314
8.088000,0.209286,0.536307,-0.099286,-0.047698,-6.222976,-6.222976
8.092000,0.205566,0.820451,-0.095566,-0.048080,-6.229296,-6.229296
8.096000,0.199274,1.496337,-0.089274,-0.048437,-6.205548,-6.205548
8.100000,0.192855,1.593808,-0.082855,-0.048769,-6.177665,-6.177665
8.104000,0.185847,0.695679,-0.075847,-0.049072,-6.140545,-6.140545
8.108000,0.184051,-0.014148,-0.074051,-0.049368,-6.157438,-6.157438
8.112000,0.184382,-0.205538,-0.074382,-0.049666,-6.196366,-6.196366
8.116000,0.183985,0.273208,-0.073985,-0.049962,-6.226892,-6.226892
8.120000,0.182860,1.222075,-0.072860,-0.050253,-6.248884,-6.248884
8.124000,0.178801,2.588212,-0.068801,-0.050528,-6.238053,-6.238053
8.128000,0.174343,2.402845,-0.064343,-0.050786,-6.221178,-6.221178
8.132000,0.172746,1.120259,-0.062746,-0.051037,-6.233758,-6.233758
8.136000,0.170474,0.336622,-0.060474,-0.051279,-6.238057,-6.238057
8.140000,0.172010,-0.875515,-0.062010,-0.051527,-6.282943,-6.282943
8.144000,0.173275,-0.506523,-0.063275,-0.051780,-6.325084,-6.325084
8.148000,0.174675,0.668649,-0.064675,-0.052039,-6.368930,-6.368930
8.152000,0.176294,1.621169,-0.066294,-0.052304,-6.415511,-6.415511
8.156000,0.174779,2.089387,-0.064779,-0.052563,-6.428273,-6.428273
8.160000,0.172319,0.571323,-0.062319,-0.052812,-6.430150,-6.430150
8.164000,0.171900,-0.132237,-0.061900,-0.053060,-6.453466,-6.453466
8.168000,0.171215,-0.752700,-0.061215,-0.053305,-6.473630,-6.473630
8.172000,0.172863,-0.401314,-0.062863,-0.053556,-6.518997,-6.518997
8.176000,0.173815,0.579598,-0.063815,-0.053811,-6.557227,-6.557227
8.180000,0.174125,1.096513,-0.064125,-0.054068,-6.588737,-6.588737
8.184000,0.162993,0.983843,-0.052993,-0.054280,-6.495156,-6.495156
8.188000,0.151491,0.198381,-0.041491,-0.054446,-6.393757,-6.393757
8.192000,0.150352,-0.436070,-0.040352,-0.054607,-6.401588,-6.401588
8.196000,0.149463,-0.728077,-0.039463,-0.054765,-6.411362,-6.411362
8.200000,0.149430,-0.671243,-0.039430,-0.054923,-6.429850,-6.429850
8.204000,0.134666,0.579944,-0.024666,-0.055021,-6.286863,-6.286863
8.208000,0.123125,0.663528,-0.013125,-0.055074,-6.173889,-6.173889
8.212000,0.115019,0.697010,-0.005019,-0.055094,-6.094083,-6.094083
8.216000,0.106313,-0.190415,0.003687,-0.055079,-6.004342,-6.004342
8.220000,0.096131,-1.009749,0.013869,-0.055024,-5.894830,-5.894830
8.224000,0.081481,-1.088988,0.028519,-0.054910,-5.732271,-5.732271
8.228000,0.070834,-0.636784,0.039166,-0.054753,-5.607765,-5.607765
8.232000,0.060650,-0.073381,0.049350,-0.054556,-5.483804,-5.483804
8.236000,0.046204,-0.385376,0.063796,-0.054300,-5.308805,-5.308805
8.240000,0.036037,-0.896561,0.073963,-0.054005,-5.174764,-5.174764
8.244000,0.023505,-1.764752,0.086495,-0.053659,-5.010340,-5.010340
8.248000,0.010651,-1.751241,0.099349,-0.053261,-4.837099,-4.837099
8.252000,0.000041,-1.585058,0.109959,-0.052821,-4.682935,-4.682935
8.256000,-0.009121,-1.093010,0.119121,-0.052345,-4.539891,-4.539891
8.260000,-0.015260,-0.584797,0.125260,-0.051844,-4.425685,-4.425685
8.264000,-0.031438,-0.153801,0.141438,-0.051278,-4.198483,-4.198483
8.268000,-0.043159,-0.546246,0.153159,-0.050665,-4.013567,-4.013567
8.272000,-0.051694,-0.829811,0.161694,-0.050019,-3.858416,-3.858416
8.276000,-0.064923,-2.459933,0.174923,-0.049319,-3.647889,-3.647889
8.280000,-0.067371,-2.893683,0.177371,-0.048609,-3.549729,-3.549729
8.284000,-0.073683,-2.861814,0.183683,-0.047875,-3.407359,-3.407359
8.288000,-0.078724,-2.222419,0.188724,-0.047120,-3.275792,-3.275792
8.292000,-0.082852,-1.549411,0.192852,-0.046348,-3.151625,-3.151625
8.296000,-0.089275,-1.312491,0.199275,-0.045551,-3.000138,-3.000138
8.300000,-0.095108,-1.347321,0.205108,-0.044731,-2.852195,-2.852195
8.304000,-0.103398,-1.615899,0.213398,-0.043877,-2.674687,-2.674687
8.308000,-0.106014,-1.852976,0.216014,-0.043013,-2.555738,-2.555738
8.312000,-0.115470,-2.489294,0.225470,-0.042111,-2.360357,-2.360357
8.316000,-0.122190,-3.034307,0.232190,-0.041183,-2.191076,-2.191076
8.320000,-0.130515,-3.463500,0.240515,-0.040221,-2.001254,-2.001254
8.324000,-0.135321,-3.070105,0.245321,-0.039239,-1.846424,-1.846424
8.328000,-0.143790,-2.623521,0.253790,-0.038224,-1.649168,-1.649168
8.332000,-0.148637,-2.261991,0.258637,-0.037190,-1.487996,-1.487996
8.336000,-0.163347,-2.435250,0.273347,-0.036096,-1.216559,-1.216559
8.340000,-0.170354,-2.248548,0.280354,-0.034975,-1.023743,-1.023743
8.344000,-0.179756,-1.998578,0.289756,-0.033816,-0.801518,-0.801518
8.348000,-0.187093,-2.420024,0.297093,-0.032627,-0.597892,-0.597892
8.352000,-0.194283,-2.647636,0.304283,-0.031410,-0.392551,-0.392551
8.356000,-0.205932,-2.419858,0.315932,-0.030147,-0.135173,-0.135173
8.360000,-0.212558,-1.974680,0.322558,-0.028856,0.071998,0.071998
8.364000,-0.212720,-1.867494,0.322720,-0.027565,0.211572,0.211572
8.368000,-0.222477,-1.942666,0.332477,-0.026236,0.456996,0.456996
8.372000,-0.226006,-1.767785,0.336006,-0.024891,0.638270,0.638270
8.376000,-0.225605,-1.421258,0.335605,-0.023549,0.778471,0.778471
8.380000,-0.228085,-1.756711,0.338085,-0.022197,0.950702,0.950702
8.384000,-0.231786,-2.092432,0.341786,-0.020830,1.137655,1.137655
8.388000,-0.225367,-1.948982,0.335367,-0.019488,1.215610,1.215610
8.392000,-0.222550,-1.792945,0.332550,-0.018158,1.331222,1.331222
8.396000,-0.218312,-1.426772,0.328312,-0.016845,1.430566,1.430566
8.400000,-0.220272,-1.022258,0.330272,-0.015524,1.596395,1.596395
8.404000,-0.217930,-1.173504,0.327930,-0.014212,1.715842,1.715842
8.408000,-0.211547,-0.876376,0.321547,-0.012926,1.790324,1.790324
8.412000,-0.205199,-0.754371,0.315199,-0.011665,1.863029,1.863029
8.416000,-0.206716,-0.551515,0.316716,-0.010398,2.019473,2.019473
8.420000,-0.204556,-0.282706,0.314556,-0.009140,2.135978,2.135978
8.424000,-0.200251,-0.363303,0.310251,-0.007899,2.228125,2.228125
8.428000,-0.195208,-0.382686,0.305208,-0.006678,2.310571,2.310571
8.432000,-0.195159,-0.724702,0.305159,-0.005457,2.445714,2.445714
8.436000,-0.193912,-0.372583,0.303912,-0.004242,2.567456,2.567456
8.440000,-0.190370,0.171761,0.300370,-0.003040,2.663445,2.663445
8.444000,-0.187510,0.432511,0.297510,-0.001850,2.765481,2.765481
8.448000,-0.184475,0.604756,0.294475,-0.000672,2.864404,2.864404
8.452000,-0.180475,0.332767,0.290475,0.000490,2.951491,2.951491
8.456000,-0.184199,0.111536,0.294199,0.001666,3.121472,3.121472
8.460000,-0.185510,0.209763,0.295510,0.002848,3.266027,3.266027
8.464000,-0.181625,0.444334,0.291625,0.004015,3.354024,3.354024
8.468000,-0.179217,0.895013,0.289217,0.005172,3.456777,3.456777
8.472000,-0.172890,1.038675,0.282890,0.006303,3.515676,3.515676
8.476000,-0.171225,1.168364,0.281225,0.007428,3.623255,3.623255
8.480000,-0.168957,1.759370,0.278957,0.008544,3.723404,3.723404
8.484000,-0.167245,2.103063,0.277245,0.009653,3.828619,3.828619
8.488000,-0.165164,1.932323,0.275164,0.010754,3.928970,3.928970
8.492000,-0.157635,1.154590,0.267635,0.011824,3.968797,3.968797
8.496000,-0.145930,1.104406,0.255930,0.012848,3.960153,3.960153
8.500000,-0.136785,1.987132,0.246785,0.013835,3.975202,3.975202
8.504000,-0.131067,2.249409,0.241067,0.014799,4.024129,4.024129
8.508000,-0.125023,2.213701,0.235023,0.015740,4.066980,4.066980
8.512000,-0.114329,2.648355,0.224329,0.016637,4.056320,4.056320
8.516000,-0.099487,2.954148,0.209487,0.017475,3.996051,3.996051
8.520000,-0.090673,2.931315,0.200673,0.018278,3.996015,3.996015
8.524000,-0.080244,3.374742,0.190244,0.019038,3.974461,3.974461
8.528000,-0.071684,3.341156,0.181684,0.019765,3.968970,3.968970
8.532000,-0.054578,3.084222,0.164578,0.020424,3.866177,3.866177
8.536000,-0.045602,2.780293,0.155602,0.021046,3.845630,3.845630
8.540000,-0.038856,2.685197,0.148856,0.021641,3.845384,3.845384
8.544000,-0.024349,2.767785,0.134349,0.022179,3.756923,3.756923
8.548000,-0.018379,2.752711,0.128379,0.022692,3.755965,3.755965
8.552000,-0.001862,2.786800,0.111862,0.023140,3.636549,3.636549
8.556000,0.007036,3.016901,0.102964,0.023552,3.593912,3.593912
8.560000,0.014870,3.250589,0.095130,0.023932,3.558795,3.558795
8.564000,0.025412,2.998707,0.084588,0.024270,3.490325,3.490325
8.568000,0.032126,3.012625,0.077874,0.024582,3.459160,3.459160
8.572000,0.039547,3.133420,0.070453,0.024864,3.416951,3.416951
8.576000,0.047987,3.126492,0.062013,0.025112,3.360144,3.360144
8.580000,0.051100,3.312673,0.058900,0.025347,3.357829,3.357829
8.584000,0.056772,3.755507,0.053228,0.025560,3.325569,3.325569
8.588000,0.060067,3.639934,0.049933,0.025760,3.316609,3.316609
8.592000,0.065082,3.477311,0.044918,0.025940,3.286987,3.286987
8.596000,0.066762,3.163837,0.043238,0.026113,3.291480,3.291480
8.600000,0.068966,2.814706,0.041034,0.026277,3.289047,3.289047
8.604000,0.074484,2.764981,0.035516,0.026419,3.249083,3.249083
8.608000,0.077458,2.434240,0.032542,0.026549,3.234611,3.234611
8.612000,0.082621,2.471894,0.027379,0.026659,3.194682,3.194682
8.616000,0.085875,2.602285,0.024125,0.026755,3.173444,3.173444
8.620000,0.082389,2.688665,0.027611,0.026866,3.224363,3.224363
8.624000,0.086629,2.706877,0.023371,0.026959,3.191523,3.191523
8.628000,0.092152,2.624998,0.017848,0.027030,3.142917,3.142917
8.632000,0.093990,2.310523,0.016010,0.027094,3.132444,3.132444
8.636000,0.093138,2.354177,0.016862,0.027162,3.150420,3.150420
8.640000,0.092116,2.063632,0.017884,0.027233,3.170216,3.170216
8.644000,0.097462,1.697336,0.012538,0.027284,3.120460,3.120460
8.648000,0.096925,1.676929,0.013075,0.027336,3.133074,3.133074
8.652000,0.093661,1.653421,0.016339,0.027401,3.175456,3.175456
8.656000,0.094278,1.626097,0.015722,0.027464,3.176315,3.176315
8.660000,0.098724,1.588896,0.011276,0.027509,3.134983,3.134983
8.664000,0.099750,1.445714,0.010250,0.027550,3.129473,3.129473
8.668000,0.096916,1.122183,0.013084,0.027603,3.165697,3.165697
8.672000,0.102778,0.941481,0.007222,0.027631,3.107606,3.107606
8.676000,0.109377,0.917461,0.000623,0.027634,3.039408,3.039408
8.680000,0.108938,0.883789,0.001062,0.027638,3.045797,3.045797
8.684000,0.107667,0.814071,0.002333,0.027647,3.061169,3.061169
8.688000,0.116596,0.897759,-0.006596,0.027621,2.965189,2.965189
8.692000,0.124115,1.052901,-0.014115,0.027565,2.881469,2.881469
8.696000,0.122599,1.150725,-0.012599,0.027514,2.893735,2.893735
8.700000,0.118286,0.945794,-0.008286,0.027481,2.936751,2.936751
8.704000,0.117505,0.464500,-0.007505,0.027451,2.942311,2.942311
8.708000,0.122854,0.087756,-0.012854,0.027400,2.880939,2.880939
8.712000,0.122854,0.028672,-0.012854,0.027348,2.876178,2.876178
8.716000,0.120792,-0.184868,-0.010792,0.027305,2.893801,2.893801
8.720000,0.120490,-0.138025,-0.010490,0.027263,2.892728,2.892728
8.724000,0.122483,-0.247275,-0.012483,0.027213,2.866574,2.866574
8.728000,0.130416,0.577711,-0.020416,0.027132,2.774705,2.774705
8.732000,0.135694,0.611853,-0.025694,0.027029,2.709097,2.709097
8.736000,0.142294,0.649278,-0.032294,0.026900,2.627014,2.627014
8.740000,0.153950,0.755135,-0.043950,0.026724,2.487086,2.487086
8.744000,0.160926,0.109258,-0.050926,0.026520,2.394040,2.394040
8.748000,0.169011,-0.035369,-0.059011,0.026284,2.285961,2.285961
8.752000,0.176157,-0.097995,-0.066157,0.026019,2.184853,2.184853
8.756000,0.187397,-0.340593,-0.077397,0.025710,2.035923,2.035923
8.760000,0.193888,0.160163,-0.083888,0.025374,1.934493,1.934493
8.764000,0.203625,0.160610,-0.093625,0.025000,1.794623,1.794623
8.768000,0.208810,0.298528,-0.098810,0.024605,1.700524,1.700524
8.772000,0.214416,0.748974,-0.104416,0.024187,1.599287,1.599287
8.776000,0.220326,0.593576,-0.110326,0.023746,1.492118,1.492118
8.780000,0.223132,0.347520,-0.113132,0.023293,1.416196,1.416196
8.784000,0.227338,0.212020,-0.117338,0.022824,1.323353,1.323353
8.788000,0.225743,0.155065,-0.115743,0.022361,1.291942,1.291942
8.792000,0.226278,0.029496,-0.116278,0.021896,1.237231,1.237231
8.796000,0.226991,-0.149920,-0.116991,0.021428,1.179970,1.179970
8.800000,0.226355,0.078488,-0.116355,0.020962,1.136884,1.136884
8.804000,0.218821,0.007608,-0.108821,0.020527,1.169190,1.169190
8.808000,0.209470,-0.198962,-0.099470,0.020129,1.223720,1.223720
8.812000,0.201781,0.064136,-0.091781,0.019762,1.263222,1.263222
8.816000,0.199779,0.088362,-0.089779,0.019403,1.243295,1.243295
8.820000,0.190598,0.156115,-0.080598,0.019080,1.302886,1.302886
8.824000,0.182579,0.300107,-0.072579,0.018790,1.353139,1.353139
8.828000,0.176673,0.329746,-0.066673,0.018523,1.383414,1.383414
8.832000,0.167031,-0.023255,-0.057031,0.018295,1.457053,1.457053
8.836000,0.159247,0.092376,-0.049247,0.018098,1.514139,1.514139
8.840000,0.153417,0.216286,-0.043417,0.017925,1.553085,1.553085
8.844000,0.146958,0.292018,-0.036958,0.017777,1.601542,1.601542
8.848000,0.139848,0.629609,-0.029848,0.017657,1.659929,1.659929
8.852000,0.135109,0.537814,-0.025109,0.017557,1.695415,1.695415
8.856000,0.132033,0.243011,-0.022033,0.017469,1.714977,1.714977
8.860000,0.129746,-0.270015,-0.019746,0.017390,1.727555,1.727555
8.864000,0.125609,-0.414713,-0.015609,0.017327,1.761702,1.761702
8.868000,0.124735,-0.534829,-0.014735,0.017268,1.762039,1.762039
8.872000,0.121959,-0.132846,-0.011959,0.017221,1.783949,1.783949
8.876000,0.126978,0.037167,-0.016978,0.017153,1.721928,1.721928
8.880000,0.132450,-0.045171,-0.022450,0.017063,1.653609,1.653609
8.884000,0.140948,0.145664,-0.030948,0.016939,1.550526,1.550526
8.888000,0.146851,0.270470,-0.036851,0.016792,1.472991,1.472991
8.892000,0.156672,-0.157508,-0.046672,0.016605,1.350449,1.350449
8.896000,0.165408,-0.434510,-0.055408,0.016383,1.236221,1.236221
8.900000,0.171257,-0.315900,-0.061257,0.016138,1.150233,1.150233
8.904000,0.181253,0.100338,-0.071253,0.015853,1.016405,1.016405
8.908000,0.187379,0.162031,-0.077379,0.015544,0.921019,0.921019
8.912000,0.193431,0.175894,-0.083431,0.015210,0.823769,0.823769
8.916000,0.199190,0.048008,-0.089190,0.014853,0.727067,0.727067
8.920000,0.209069,-0.237394,-0.099069,0.014457,0.582728,0.582728
8.924000,0.212852,-0.291591,-0.102852,0.014046,0.501117,0.501117
8.928000,0.217930,-0.458150,-0.107930,0.013614,0.403391,0.403391
8.932000,0.225169,-0.438649,-0.115169,0.013153,0.279671,0.279671
8.936000,0.225696,-0.403531,-0.115696,0.012691,0.226336,0.226336
8.940000,0.230156,-0.496560,-0.120156,0.012210,0.129168,0.129168
8.944000,0.220600,-0.499838,-0.110600,0.011767,0.183314,0.183314
8.948000,0.219191,-0.620704,-0.109191,0.011331,0.151088,0.151088
8.952000,0.212160,-0.641293,-0.102160,0.010922,0.180638,0.180638
8.956000,0.205855,-0.631602,-0.095855,0.010539,0.204506,0.204506
8.960000,0.199367,-0.651362,-0.089367,0.010181,0.232541,0.232541
8.964000,0.192655,-0.839047,-0.082655,0.009851,0.265392,0.265392
8.968000,0.181116,-0.610147,-0.071116,0.009566,0.353591,0.353591
8.972000,0.171893,-0.320909,-0.061893,0.009319,0.420704,0.420704
8.976000,0.165038,-0.171570,-0.055038,0.009098,0.465545,0.465545
8.980000,0.151303,-0.108597,-0.041303,0.008933,0.588565,0.588565
8.984000,0.144458,-0.228141,-0.034458,0.008795,0.641487,0.641487
8.988000,0.137670,-0.135317,-0.027670,0.008685,0.696874,0.696874
8.992000,0.130958,-0.188736,-0.020958,0.008601,0.754471,0.754471
8.996000,0.117754,-0.563486,-0.007754,0.008570,0.886115,0.886115
9.000000,0.111328,-0.485627,-0.001328,0.008565,0.948810,0.948810
9.004000,0.100871,-0.672012,0.009129,0.008601,1.058622,1.058622
9.008000,0.099092,-0.644742,0.010908,0.008645,1.077855,1.077855
9.012000,0.095693,-0.409748,0.014307,0.008702,1.116272,1.116272
9.016000,0.090443,-0.401194,0.019557,0.008780,1.176803,1.176803
9.020000,0.090457,-0.517520,0.019543,0.008858,1.182171,1.182171
9.024000,0.089361,-0.477085,0.020639,0.008941,1.200295,1.200295
9.028000,0.093235,-0.243337,0.016765,0.009008,1.164905,1.164905
9.032000,0.094450,-0.205931,0.015550,0.009070,1.157717,1.157717
9.036000,0.098781,-0.192981,0.011219,0.009115,1.116272,1.116272
9.040000,0.104477,-0.497904,0.005523,0.009137,1.058615,1.058615
9.044000,0.112872,-0.490037,-0.002872,0.009126,0.969541,0.969541
9.048000,0.112872,-0.490037,-0.002872,0.009114,0.969389,0.969389
9.052000,0.124535,-0.749931,-0.014535,0.009056,0.841420,0.841420
9.056000,0.136304,-0.645678,-0.026304,0.008951,0.708146,0.708146
9.060000,0.142459,-0.560921,-0.032459,0.008821,0.631915,0.631915
9.064000,0.154265,-0.198707,-0.044265,0.008644,0.491235,0.491235
9.068000,0.158288,-0.040749,-0.048288,0.008451,0.431133,0.431133
9.072000,0.164059,-0.403457,-0.054059,0.008234,0.349865,0.349865
9.076000,0.173913,-0.320552,-0.063913,0.007979,0.221341,0.221341
9.080000,0.179132,-0.400466,-0.069132,0.007702,0.139569,0.139569
9.084000,0.188109,-0.463073,-0.078109,0.007390,0.014212,0.014212
9.088000,0.191560,-0.389312,-0.081560,0.007064,-0.054394,-0.054394
9.092000,0.193673,-0.257643,-0.083673,0.006729,-0.110236,-0.110236
9.096000,0.192890,-0.081504,-0.082890,0.006397,-0.135755,-0.135755
9.100000,0.186034,0.019226,-0.076034,0.006093,-0.095111,-0.095111
9.104000,0.176859,-0.212969,-0.066859,0.005826,-0.027178,-0.027178
9.108000,0.170198,-0.456651,-0.060198,0.005585,0.016153,0.016153
9.112000,0.163235,-0.618584,-0.053235,0.005372,0.065091,0.065091
9.116000,0.149154,-0.593159,-0.039154,0.005215,0.194406,0.194406
9.120000,0.142181,-0.661578,-0.032181,0.005087,0.251018,0.251018
9.124000,0.130856,-0.372759,-0.020856,0.005003,0.358087,0.358087
9.128000,0.124021,-0.334198,-0.014021,0.004947,0.420427,0.420427
9.132000,0.114924,-0.299220,-0.004924,0.004927,0.510498,0.510498
9.136000,0.108183,-0.272867,0.001817,0.004935,0.578532,0.578532
9.140000,0.097246,-0.335537,0.012754,0.004986,0.695478,0.695478
9.144000,0.088783,-0.388014,0.021217,0.005071,0.789772,0.789772
9.148000,0.080287,-0.247161,0.029713,0.005190,0.888088,0.888088
9.152000,0.074045,-0.200885,0.035955,0.005333,0.965430,0.965430
9.156000,0.067643,-0.052568,0.042357,0.005503,1.047442,1.047442
9.160000,0.055675,-0.291592,0.054325,0.005720,1.193297,1.193297
9.164000,0.049546,-0.311155,0.060454,0.005962,1.280080,1.280080
9.168000,0.041769,-0.226958,0.068231,0.006235,1.387817,1.387817
9.172000,0.040346,-0.508182,0.069654,0.006513,1.429463,1.429463
9.176000,0.040224,-0.592718,0.069776,0.006793,1.458155,1.458155
9.180000,0.043672,-0.744692,0.066328,0.007058,1.448501,1.448501
9.184000,0.046779,-0.625187,0.063221,0.007311,1.441921,1.441921
9.188000,0.050075,-0.289437,0.059925,0.007550,1.432573,1.432573
9.192000,0.058462,0.006352,0.051538,0.007757,1.366630,1.366630
9.196000,0.064880,-0.156982,0.045120,0.007937,1.319489,1.319489
9.200000,0.075320,-0.115182,0.034680,0.008076,1.226079,1.226079
9.204000,0.081347,-0.524208,0.028653,0.008190,1.177214,1.177214
9.208000,0.090133,-0.593648,0.019867,0.008270,1.095760,1.095760
9.212000,0.098716,-0.369392,0.011284,0.008315,1.013115,1.013115
9.216000,0.105184,-0.313818,0.004816,0.008334,0.950197,0.950197
9.220000,0.117711,0.104676,-0.007711,0.008303,0.818222,0.818222
9.224000,0.123950,0.030118,-0.013950,0.008248,0.750183,0.750183
9.228000,0.130078,0.044878,-0.020078,0.008167,0.680512,0.680512
9.232000,0.140917,-0.002449,-0.030917,0.008044,0.556525,0.556525
9.236000,0.145895,0.026478,-0.035895,0.007900,0.492280,0.492280
9.240000,0.151864,0.102742,-0.041864,0.007733,0.414736,0.414736
9.244000,0.158875,-0.257941,-0.048875,0.007537,0.323057,0.323057
9.248000,0.162939,-0.250847,-0.052939,0.007325,0.260553,0.260553
9.252000,0.170247,-0.338643,-0.060247,0.007084,0.160478,0.160478
9.256000,0.165835,-0.399873,-0.055835,0.006861,0.185501,0.185501
9.260000,0.162172,-0.200864,-0.052172,0.006652,0.203181,0.203181
9.264000,0.162620,-0.039732,-0.052620,0.006442,0.176697,0.176697
9.268000,0.157655,0.109238,-0.047655,0.006251,0.208994,0.208994
9.272000,0.150457,0.059369,-0.040457,0.006089,0.267188,0.267188
9.276000,0.146081,0.013622,-0.036081,0.005945,0.296876,0.296876
9.280000,0.135443,-0.303950,-0.025443,0.005843,0.396636,0.396636
9.284000,0.126426,-0.391442,-0.016426,0.005778,0.482429,0.482429
9.288000,0.119912,-0.288938,-0.009912,0.005738,0.544235,0.544235
9.292000,0.106546,-0.311476,0.003454,0.005752,0.683658,0.683658
9.296000,0.102366,-0.253554,0.007634,0.005782,0.727618,0.727618
9.300000,0.093467,0.028506,0.016533,0.005848,0.825291,0.825291
9.304000,0.082580,0.138355,0.027420,0.005958,0.948341,0.948341
9.308000,0.076597,0.109270,0.033403,0.006092,1.022106,1.022106
9.312000,0.068548,-0.056570,0.041452,0.006258,1.121260,1.121260
9.316000,0.062949,-0.130988,0.047051,0.006446,1.197070,1.197070
9.320000,0.058538,0.211292,0.051462,0.006652,1.262528,1.262528
9.324000,0.061695,0.206016,0.048305,0.006845,1.247379,1.247379
9.328000,0.060863,0.242570,0.049137,0.007041,1.275458,1.275458
9.332000,0.059361,0.256518,0.050639,0.007244,1.311607,1.311607
9.336000,0.055693,0.415880,0.054307,0.007461,1.372331,1.372331
9.340000,0.054624,0.158195,0.055376,0.007683,1.406212,1.406212
9.344000,0.058679,0.096445,0.051321,0.007888,1.384748,1.384748
9.348000,0.061942,-0.095247,0.048058,0.008080,1.370856,1.370856
9.352000,0.067432,-0.365162,0.042568,0.008250,1.331647,1.331647
9.356000,0.073539,-0.445874,0.036461,0.008396,1.283888,1.283888
9.360000,0.077377,-0.431391,0.032623,0.008527,1.258800,1.258800
9.364000,0.084171,-0.489537,0.025829,0.008630,1.199901,1.199901
9.368000,0.094860,-0.370980,0.015140,0.008691,1.095866,1.095866
9.372000,0.103592,-0.614581,0.006408,0.008716,1.009297,1.009297
9.376000,0.110354,-0.626884,-0.000354,0.008715,0.940862,0.940862
9.380000,0.117768,-0.406704,-0.007768,0.008684,0.862440,0.862440
9.384000,0.124282,-0.063985,-0.014282,0.008627,0.790775,0.790775
9.392000,0.142750,0.110815,-0.032750,0.008413,0.579477,0.579477
9.396000,0.146785,-0.084297,-0.036785,0.008265,0.524607,0.524607
9.400000,0.153773,-0.186311,-0.043773,0.008090,0.435317,0.435317
9.404000,0.160554,-0.442547,-0.050554,0.007888,0.345258,0.345258
9.408000,0.168329,-0.361234,-0.058329,0.007655,0.241336,0.241336
9.412000,0.174279,-0.234499,-0.064279,0.007398,0.154054,0.154054
9.416000,0.178812,-0.332243,-0.068812,0.007122,0.079565,0.079565
9.420000,0.186271,-0.275526,-0.076271,0.006817,-0.029158,-0.029158
9.424000,0.195357,-0.304749,-0.085357,0.006476,-0.158847,-0.158847
9.428000,0.197219,-0.334489,-0.087219,0.006127,-0.213254,-0.213254
9.432000,0.199918,-0.377108,-0.089918,0.005767,-0.278143,-0.278143
9.436000,0.196779,-0.545929,-0.086779,0.005420,-0.280696,-0.280696
9.440000,0.189197,-0.394555,-0.079197,0.005103,-0.234110,-0.234110
9.444000,0.181904,-0.095907,-0.071904,0.004816,-0.188467,-0.188467
9.448000,0.174923,0.053186,-0.064923,0.004556,-0.143892,-0.143892
9.452000,0.163177,0.166393,-0.053177,0.004343,-0.044791,-0.044791
9.456000,0.156015,0.110715,-0.046015,0.004159,0.000000,0.008322
9.460000,0.146537,0.237574,-0.036537,0.004013,0.089581,0.089581
9.464000,0.139560,0.272883,-0.029560,0.003895,0.147128,0.147128
9.468000,0.127790,0.370684,-0.017790,0.003824,0.260030,0.260030
9.472000,0.118375,0.315878,-0.008375,0.003790,0.351743,0.351743
9.476000,0.109089,0.274451,0.000911,0.003794,0.445937,0.445937
9.480000,0.102790,0.189854,0.007210,0.003823,0.511344,0.511344
9.484000,0.096293,0.017702,0.013707,0.003878,0.581853,0.581853
9.488000,0.091895,-0.047233,0.018105,0.003950,0.632351,0.632351
9.492000,0.092341,0.023883,0.017659,0.004021,0.632072,0.632072
9.496000,0.088978,0.521521,0.021022,0.004105,0.674000,0.674000
9.500000,0.085301,0.806933,0.024699,0.004204,0.721023,0.721023
9.504000,0.088274,0.764607,0.021726,0.004290,0.697035,0.697035
9.508000,0.090294,0.410786,0.019706,0.004369,0.682930,0.682930
9.512000,0.096831,0.237959,0.013169,0.004422,0.619041,0.619041
9.516000,0.098790,0.104094,0.011210,0.004467,0.603217,0.603217
9.520000,0.104263,-0.017954,0.005737,0.004490,0.548324,0.548324
9.524000,0.113338,0.253250,-0.003338,0.004476,0.452151,0.452151
9.528000,0.118580,0.493440,-0.008580,0.004442,0.394714,0.394714
9.532000,0.125967,0.697511,-0.015967,0.004378,0.311741,0.311741
9.536000,0.134911,0.627149,-0.024911,0.004279,0.208912,0.208912
9.540000,0.141993,0.537579,-0.031993,0.004151,0.122998,0.122998
9.544000,0.146827,0.519752,-0.036827,0.004003,0.058767,0.058767
9.548000,0.151437,0.293375,-0.041437,0.003838,0.000000,-0.005211
9.552000,0.156618,-0.002663,-0.046618,0.003651,-0.077521,-0.077521
9.556000,0.160221,0.090620,-0.050221,0.003450,-0.134857,-0.134857
9.560000,0.160394,0.173663,-0.050394,0.003249,-0.156420,-0.156420
9.564000,0.153348,0.097643,-0.043348,0.003075,-0.099537,-0.099537
9.568000,0.148878,-0.219310,-0.038878,0.002920,-0.068843,-0.068843
9.572000,0.139641,-0.275848,-0.029641,0.002801,0.015354,0.015354
9.576000,0.135185,-0.220182,-0.025185,0.002700,0.050334,0.050334
9.580000,0.126141,-0.244533,-0.016141,0.002636,0.137165,0.137165
9.584000,0.114246,-0.151047,-0.004246,0.002619,0.258467,0.258467
9.588000,0.107098,0.028315,0.002902,0.002630,0.332224,0.332224
9.592000,0.099862,0.107377,0.010138,0.002671,0.409897,0.409897
9.596000,0.085511,-0.077484,0.024489,0.002769,0.568420,0.568420
9.600000,0.078811,-0.342492,0.031189,0.002894,0.648706,0.648706
9.604000,0.075880,-0.584496,0.034120,0.003030,0.690791,0.690791
9.608000,0.073649,-0.639718,0.036351,0.003176,0.726953,0.726953
9.612000,0.065484,-0.476534,0.044516,0.003354,0.829455,0.829455
9.616000,0.056296,-0.403195,0.053704,0.003569,0.946484,0.946484
9.620000,0.060960,-0.336386,0.049040,0.003765,0.915700,0.915700
9.624000,0.065802,-0.043218,0.044198,0.003941,0.882072,0.882072
9.628000,0.067906,-0.060876,0.042094,0.004110,0.877192,0.877192
9.632000,0.071738,-0.176451,0.038262,0.004263,0.852956,0.852956
9.636000,0.076648,-0.587238,0.033352,0.004396,0.815797,0.815797
9.640000,0.083858,-0.711280,0.026142,0.004501,0.751861,0.751861
9.644000,0.092781,-0.478350,0.017219,0.004570,0.666669,0.666669
9.652000,0.104512,-0.105918,0.005488,0.004634,0.554176,0.554176
9.656000,0.109788,-0.015969,0.000212,0.004635,0.500960,0.500960
9.660000,0.119904,-0.017841,-0.009904,0.004595,0.392581,0.392581
9.664000,0.124979,-0.074382,-0.014979,0.004535,0.335468,0.335468
9.668000,0.129964,-0.029768,-0.019964,0.004455,0.277070,0.277070
9.672000,0.136408,-0.060808,-0.026408,0.004350,0.200467,0.200467
9.676000,0.141188,-0.060395,-0.031188,0.004225,0.139337,0.139337
9.680000,0.148135,-0.156084,-0.038135,0.004072,0.052320,0.052320
9.684000,0.148248,-0.175143,-0.038248,0.003920,0.037173,0.037173
9.688000,0.147268,-0.184217,-0.037268,0.003770,0.033357,0.033357
9.692000,0.140568,-0.156005,-0.030568,0.003648,0.092005,0.092005
9.696000,0.134906,-0.265427,-0.024906,0.003549,0.141215,0.141215
9.700000,0.122515,-0.000534,-0.012515,0.003498,0.265830,0.265830
9.704000,0.114902,0.045894,-0.004902,0.003479,0.342378,0.342378
9.708000,0.107104,0.016468,0.002896,0.003490,0.423790,0.423790
9.712000,0.104575,0.012509,0.005425,0.003512,0.450556,0.450556
9.716000,0.089017,0.174952,0.020983,0.003596,0.621147,0.621147
9.720000,0.079878,0.121139,0.030122,0.003717,0.727213,0.727213
9.724000,0.073089,0.069851,0.036911,0.003864,0.811309,0.811309
9.728000,0.066391,-0.077496,0.043609,0.004039,0.897392,0.897392
9.732000,0.062982,-0.014822,0.047018,0.004227,0.950466,0.950466
9.736000,0.057924,0.148107,0.052076,0.004435,1.023422,1.023422
9.740000,0.052764,0.312997,0.057236,0.004664,1.099826,1.099826
9.744000,0.042778,0.230345,0.067222,0.004933,1.231367,1.231367
9.748000,0.036460,0.192740,0.073540,0.005227,1.326757,1.326757
9.752000,0.038623,0.114373,0.071377,0.005513,1.332173,1.332173
9.756000,0.040894,0.387529,0.069106,0.005789,1.336330,1.336330
9.760000,0.041059,0.282297,0.068941,0.006065,1.363237,1.363237
9.764000,0.041028,0.206577,0.068972,0.006341,1.392564,1.392564
9.768000,0.045691,0.156469,0.064309,0.006598,1.370822,1.370822
9.772000,0.052284,0.194382,0.057716,0.006829,1.326595,1.326595
9.776000,0.057111,0.142945,0.052889,0.007040,1.299536,1.299536
9.780000,0.063231,-0.051657,0.046769,0.007227,1.256604,1.256604
9.784000,0.069168,0.086907,0.040832,0.007391,1.213453,1.213453
9.788000,0.072064,0.042899,0.037936,0.007542,1.201302,1.201302
9.792000,0.079910,0.268172,0.030090,0.007663,1.133706,1.133706
9.796000,0.084456,0.355044,0.025544,0.007765,1.099231,1.099231
9.800000,0.089830,0.056072,0.020170,0.007846,1.053747,1.053747
9.804000,0.093352,0.064272,0.016648,0.007912,1.026291,1.026291
9.808000,0.096985,-0.131730,0.013015,0.007964,0.995976,0.995976
9.812000,0.095519,-0.073394,0.014481,0.008022,1.019789,1.019789
9.816000,0.088495,-0.382112,0.021505,0.008108,1.104492,1.104492
9.820000,0.086418,-0.595208,0.023582,0.008203,1.137172,1.137172
9.824000,0.087470,-0.577221,0.022530,0.008293,1.136227,1.136227
9.828000,0.073983,-0.495796,0.036017,0.008437,1.293943,1.293943
9.832000,0.063248,-0.280047,0.046752,0.008624,1.426083,1.426083
9.836000,0.055037,-0.243434,0.054963,0.008844,1.534491,1.534491
9.840000,0.041625,-0.273547,0.068375,0.009117,1.702992,1.702992
9.844000,0.038750,-0.116703,0.071250,0.009402,1.761255,1.761255
9.848000,0.022944,-0.244781,0.087056,0.009750,1.962616,1.962616
9.852000,0.015038,-0.592168,0.094962,0.010130,2.083506,2.083506
9.856000,0.002169,-0.886744,0.107831,0.010561,2.262170,2.262170
9.860000,-0.008036,-0.963518,0.118036,0.011034,2.416834,2.416834
9.864000,-0.015673,-0.890567,0.125673,0.011536,2.547761,2.547761
9.868000,-0.028096,-0.956970,0.138096,0.012089,2.734560,2.734560
9.872000,-0.037851,-1.275592,0.147851,0.012680,2.897273,2.897273
9.876000,-0.047484,-1.265085,0.157484,0.013310,3.062927,3.062927
9.880000,-0.054556,-1.062055,0.164556,0.013968,3.204784,3.204784
9.884000,-0.061506,-0.890596,0.171506,0.014654,3.348683,3.348683
9.888000,-0.072761,-0.960264,0.182761,0.015385,3.542949,3.542949
9.892000,-0.081342,-0.897420,0.191342,0.016151,3.712645,3.712645
9.896000,-0.087785,-1.229590,0.197785,0.016942,3.862790,3.862790
9.900000,-0.098236,-1.579085,0.208236,0.017775,4.059880,4.059880
9.904000,-0.106312,-1.476561,0.216312,0.018640,4.235403,4.235403
9.908000,-0.112274,-1.445810,0.222274,0.019529,4.391429,4.391429
9.912000,-0.122000,-2.371348,0.232000,0.020457,4.591537,4.591537
9.916000,-0.127610,-2.692741,0.237610,0.021408,4.750732,4.750732
9.920000,-0.134897,-2.724249,0.244897,0.022387,4.931047,4.931047
9.924000,-0.140184,-2.602584,0.250184,0.023388,5.092745,5.092745
9.928000,-0.148528,-2.142421,0.258528,0.024422,5.290459,5.290459
9.932000,-0.154918,-1.549015,0.264918,0.025482,5.470370,5.470370
9.936000,-0.161041,-1.407966,0.271041,0.026566,5.650274,5.650274
9.940000,-0.165420,-1.094897,0.275420,0.027668,5.813919,5.813919
9.944000,-0.169728,-1.085727,0.279728,0.028786,5.978974,5.978974
9.948000,-0.176494,-2.305964,0.286494,0.029932,6.173040,6.173040
9.952000,-0.180319,-2.275075,0.290319,0.031094,6.337838,6.337838
9.956000,-0.184745,-2.174710,0.294745,0.032273,6.511127,6.511127
9.960000,-0.190878,-1.032596,0.300878,0.033476,6.705170,6.705170
9.964000,-0.193761,-0.867784,0.303761,0.034691,6.866294,6.866294
9.968000,-0.196614,-0.553066,0.306614,0.035918,7.028634,7.028634
9.972000,-0.201132,-1.416341,0.311132,0.037162,7.210658,7.210658
9.976000,-0.203626,-1.831768,0.313626,0.038417,7.372541,7.372541
9.980000,-0.206616,-2.290633,0.316616,0.039683,7.541157,7.541157
9.984000,-0.209547,-1.875871,0.319547,0.040961,7.710568,7.710568
9.988000,-0.210454,-0.886549,0.320454,0.042243,7.859217,7.859217
9.992000,-0.211257,0.485275,0.321257,0.043528,8.007418,8.007418
9.996000,-0.212323,0.184157,0.322323,0.044818,8.159088,8.159088
10.000000,-0.213862,-0.251036,0.323862,0.046113,8.316553,8.316553
10.004000,-0.214156,-0.930547,0.324156,0.047410,8.461176,8.461176
10.008000,-0.214458,-1.119853,0.324458,0.048707,8.606194,8.606194
10.012000,-0.215595,-1.435153,0.325595,0.050010,8.760637,8.760637
10.016000,-0.215794,-0.620656,0.325794,0.051313,8.905355,8.905355
10.020000,-0.216015,-0.936554,0.326015,0.052617,9.050522,9.050522
10.024000,-0.215615,0.434054,0.325615,0.053919,9.189093,9.189093
10.028000,-0.213183,1.118495,0.323183,0.055212,9.305397,9.305397
10.032000,-0.209713,1.805758,0.319713,0.056491,9.409588,9.409588
10.036000,-0.204998,1.645077,0.314998,0.057751,9.498994,9.498994
10.040000,-0.203631,1.043753,0.313631,0.059006,9.623362,9.623362
10.048000,-0.195973,0.211847,0.305973,0.061466,9.815362,9.815362
10.052000,-0.190139,1.187469,0.300139,0.062667,9.887296,9.887296
10.056000,-0.189299,0.903802,0.299299,0.063864,10.011655,10.011655
10.060000,-0.165388,3.049694,0.275388,0.064966,9.883034,9.883034
10.064000,-0.162541,3.289983,0.272541,0.066056,9.976480,9.976480
10.068000,-0.150794,3.315094,0.260794,0.067099,9.970893,9.970893
10.072000,-0.141959,2.696456,0.251959,0.068107,9.992572,9.992572
10.076000,-0.128386,3.258787,0.238386,0.069060,9.958701,9.958701
10.080000,-0.112336,1.874937,0.222336,0.069950,9.892360,9.892360
10.084000,-0.099150,2.052993,0.209150,0.070786,9.851027,9.851027
10.088000,-0.085113,4.319991,0.195113,0.071567,9.794880,9.794880
10.092000,-0.076743,5.000434,0.186743,0.072314,9.794881,9.794881
10.096000,-0.051649,5.323306,0.161649,0.072960,9.607929,9.607929
10.100000,-0.037730,4.413932,0.147730,0.073551,9.533625,9.533625
10.104000,-0.026912,4.063326,0.136912,0.074099,9.487134,9.487134
10.108000,-0.013122,3.144993,0.123122,0.074591,9.403089,9.403089
10.112000,0.012620,3.272043,0.097380,0.074981,9.182280,9.182280
10.116000,0.025525,3.739971,0.084475,0.075319,9.091827,9.091827
10.120000,0.049319,4.382812,0.060681,0.075562,8.876293,8.876293
10.124000,0.063288,5.479628,0.046712,0.075748,8.758628,8.758628
10.128000,0.081899,6.397608,0.028101,0.075861,8.583736,8.583736
10.132000,0.105158,5.354021,0.004842,0.075880,8.350036,8.350036
10.136000,0.114082,5.189068,-0.004082,0.075864,8.263584,8.263584
10.140000,0.140780,4.129071,-0.030780,0.075741,7.977832,7.977832
10.144000,0.153942,4.519768,-0.043942,0.075565,7.829461,7.829461
10.148000,0.167019,6.427550,-0.057019,0.075337,7.675724,7.675724
10.152000,0.186806,6.969606,-0.076806,0.075030,7.442385,7.442385
10.156000,0.199663,5.859148,-0.089663,0.074671,7.276501,7.276501
10.160000,0.216429,5.589620,-0.106429,0.074245,7.061760,7.061760
10.164000,0.228218,4.491685,-0.118218,0.073772,6.894146,6.894146
10.168000,0.253051,3.420925,-0.143051,0.073200,6.578188,6.578188
10.172000,0.265529,3.100895,-0.155529,0.072578,6.387404,6.387404
10.176000,0.278516,4.070788,-0.168516,0.071904,6.185064,6.185064
10.180000,0.299114,5.012619,-0.189114,0.071148,5.893421,5.893421
10.184000,0.311749,5.075627,-0.201749,0.070341,5.680321,5.680321
10.188000,0.327812,5.111919,-0.217812,0.069469,5.423744,5.423744
10.192000,0.339812,4.430797,-0.229812,0.068550,5.204579,5.204579
10.196000,0.362655,4.101915,-0.252655,0.067539,4.861122,4.861122
10.200000,0.377691,3.356865,-0.267691,0.066469,4.593797,4.593797
10.204000,0.388789,3.045143,-0.278789,0.065353,4.362765,4.362765
10.208000,0.399681,2.841829,-0.289681,0.064195,4.128584,4.128584
10.212000,0.417538,1.918180,-0.307538,0.062965,3.812974,3.812974
10.216000,0.427736,1.453770,-0.317736,0.061694,3.573642,3.573642
10.220000,0.441241,1.592967,-0.331241,0.060369,3.293158,3.293158
10.224000,0.451022,1.241230,-0.341022,0.059005,3.047406,3.047406
10.228000,0.462998,2.279096,-0.352998,0.057593,2.772912,2.772912
10.232000,0.474755,2.085938,-0.364755,0.056134,2.495428,2.495428
10.236000,0.484106,1.453234,-0.374106,0.054637,2.238984,2.238984
10.240000,0.498758,-0.071154,-0.388758,0.053082,1.920098,1.920098
10.244000,0.507520,-0.415841,-0.397520,0.051492,1.659454,1.659454
10.248000,0.518937,-1.404405,-0.408937,0.049856,1.365539,1.365539
10.252000,0.532469,-1.882460,-0.422469,0.048166,1.043420,1.043420
10.256000,0.540385,-1.291895,-0.430385,0.046445,0.776977,0.776977
10.260000,0.550390,-1.013123,-0.440390,0.044683,0.483775,0.483775
10.264000,0.562498,-0.993386,-0.452498,0.042873,0.163041,0.163041
10.268000,0.571866,-0.516051,-0.461866,0.041026,-0.132938,-0.132938
10.272000,0.578746,-0.612630,-0.468746,0.039151,-0.405998,-0.405998
10.276000,0.587491,-0.986881,-0.477491,0.037241,-0.702894,-0.702894
10.280000,0.593739,-1.839302,-0.483739,0.035306,-0.976438,-0.976438
10.284000,0.603918,-3.166600,-0.493918,0.033330,-1.296106,-1.296106
10.288000,0.611731,-3.355744,-0.501731,0.031323,-1.594248,-1.594248
10.292000,0.617361,-3.153408,-0.507361,0.029294,-1.872105,-1.872105
10.296000,0.626214,-3.263134,-0.516214,0.027229,-2.188022,-2.188022
10.300000,0.631372,-3.494250,-0.521372,0.025144,-2.467373,-2.467373
10.304000,0.638028,-3.103943,-0.528028,0.023031,-2.765706,-2.765706
10.308000,0.642484,-2.878566,-0.532484,0.020902,-3.043008,-3.043008
10.312000,0.646855,-2.722893,-0.536855,0.018754,-3.321656,-3.321656
10.316000,0.654954,-2.027286,-0.544954,0.016574,-3.643264,-3.643264
10.320000,0.658127,-1.808183,-0.548127,0.014382,-3.914378,-3.914378
10.324000,0.660625,-1.806595,-0.550625,0.012179,-4.179859,-4.179859
10.328000,0.663888,-1.834778,-0.553888,0.009964,-4.455157,-4.455157
10.332000,0.662568,-2.253866,-0.552568,0.007753,-4.681976,-4.681976
10.336000,0.662736,-3.315891,-0.552736,0.005543,-4.925101,-4.925101
10.340000,0.665493,-3.127341,-0.555493,0.003321,-5.196988,-5.196988
10.344000,0.664438,-3.560986,-0.554438,0.001103,-5.428393,-5.428393
10.348000,0.663324,-3.548861,-0.553324,-0.001110,-5.659102,-5.659102
10.352000,0.663529,-2.664208,-0.553529,-0.003325,-5.904062,-5.904062
10.356000,0.662649,-2.595880,-0.552649,-0.005535,-6.137373,-6.137373
10.360000,0.661732,-0.763852,-0.551732,-0.007742,-6.370104,-6.370104
10.364000,0.655585,1.349502,-0.545585,-0.009924,-6.545391,-6.545391
10.368000,0.649519,0.998313,-0.539519,-0.012083,-6.719515,-6.719515
10.372000,0.649210,0.585816,-0.539210,-0.014239,-6.954478,-6.954478
10.376000,0.641116,0.956878,-0.531116,-0.016364,-7.103971,-7.103971
10.380000,0.633649,-0.366047,-0.523649,-0.018458,-7.257409,-7.257409
10.384000,0.626320,-0.223040,-0.516320,-0.020524,-7.409546,-7.409546
10.388000,0.615386,0.762582,-0.505386,-0.022545,-7.519362,-7.519362
10.392000,0.604602,1.698612,-0.494602,-0.024524,-7.626645,-7.626645
10.396000,0.595423,2.593718,-0.485423,-0.026465,-7.747245,-7.747245
10.400000,0.582914,2.436967,-0.472914,-0.028357,-7.827620,-7.827620
10.404000,0.569381,2.167559,-0.459381,-0.030195,-7.891809,-7.891809
10.408000,0.557357,1.935047,-0.447357,-0.031984,-7.967080,-7.967080
10.412000,0.548299,2.538776,-0.438299,-0.033737,-8.069763,-8.069763
10.416000,0.539501,3.162555,-0.429501,-0.035455,-8.171225,-8.171225
10.420000,0.523848,3.985417,-0.413848,-0.037111,-8.193732,-8.193732
10.424000,0.511238,3.741894,-0.401238,-0.038716,-8.243254,-8.243254
10.428000,0.502269,2.893583,-0.392269,-0.040285,-8.327248,-8.327248
10.432000,0.485641,2.021174,-0.375641,-0.041787,-8.323282,-8.323282
10.436000,0.474908,2.269580,-0.364908,-0.043247,-8.377087,-8.377087
10.440000,0.460862,3.427717,-0.350862,-0.044650,-8.389815,-8.389815
10.444000,0.443072,4.459910,-0.333072,-0.045983,-8.355638,-8.355638
10.448000,0.433169,4.990654,-0.323169,-0.047275,-8.400482,-8.400482
10.452000,0.422789,5.049579,-0.312789,-0.048526,-8.435412,-8.435412
10.456000,0.410002,4.710403,-0.300002,-0.049726,-8.439230,-8.439230
10.460000,0.392562,3.946751,-0.282562,-0.050857,-8.386575,-8.386575
10.464000,0.383195,4.089786,-0.273195,-0.051949,-8.415081,-8.415081
10.468000,0.370772,2.867055,-0.260772,-0.052992,-8.405642,-8.405642
10.472000,0.361567,3.005928,-0.251567,-0.053999,-8.425922,-8.425922
10.476000,0.351126,3.340594,-0.241126,-0.054963,-8.428308,-8.428308
10.480000,0.334604,4.069715,-0.224604,-0.055862,-8.359440,-8.359440
10.484000,0.324309,4.442917,-0.214309,-0.056719,-8.351917,-8.351917
10.488000,0.311892,4.693755,-0.201892,-0.057526,-8.316417,-8.316417
10.492000,0.296447,4.215044,-0.186447,-0.058272,-8.242369,-8.242369
10.496000,0.283676,3.284270,-0.173676,-0.058967,-8.191103,-8.191103
10.500000,0.274863,3.175110,-0.164863,-0.059626,-8.177507,-8.177507
10.504000,0.263067,2.704298,-0.153067,-0.060239,-8.127004,-8.127004
10.508000,0.255029,3.051952,-0.145029,-0.060819,-8.112406,-8.112406
10.512000,0.252190,2.873281,-0.142190,-0.061388,-8.150742,-8.150742
10.516000,0.242046,3.117622,-0.132046,-0.061916,-8.107089,-8.107089
10.520000,0.238560,3.185127,-0.128560,-0.062430,-8.131873,-8.131873
10.524000,0.225543,2.837796,-0.115543,-0.062892,-8.050241,-8.050241
10.528000,0.213359,1.900769,-0.103359,-0.063306,-7.972450,-7.972450
10.532000,0.203773,0.606220,-0.093773,-0.063681,-7.918012,-7.918012
10.536000,0.196077,0.653685,-0.086077,-0.064025,-7.879997,-7.879997
10.540000,0.184671,1.213120,-0.074671,-0.064324,-7.797794,-7.797794
10.544000,0.177829,2.332315,-0.067829,-0.064595,-7.760703,-7.760703
10.548000,0.168126,2.611789,-0.058126,-0.064827,-7.689007,-7.689007
10.552000,0.164526,2.326114,-0.054526,-0.065046,-7.679845,-7.679845
10.556000,0.150690,1.307260,-0.040690,-0.065208,-7.556566,-7.556566
10.560000,0.142408,0.080012,-0.032408,-0.065338,-7.488515,-7.488515
10.564000,0.133479,-0.647069,-0.023479,-0.065432,-7.409637,-7.409637
10.568000,0.128834,-0.729128,-0.018834,-0.065507,-7.373688,-7.373688
10.572000,0.121085,-1.064636,-0.011085,-0.065552,-7.301290,-7.301290
10.576000,0.120512,-0.401162,-0.010512,-0.065594,-7.303941,-7.303941
10.580000,0.120952,0.771900,-0.010952,-0.065637,-7.316679,-7.316679
10.584000,0.120077,1.497142,-0.010077,-0.065678,-7.314513,-7.314513
10.588000,0.120972,1.474707,-0.010972,-0.065722,-7.330906,-7.330906
10.592000,0.122006,0.598894,-0.012006,-0.065770,-7.348683,-7.348683
10.596000,0.123529,-1.328349,-0.013529,-0.065824,-7.371835,-7.371835
10.600000,0.123201,-2.456511,-0.013201,-0.065877,-7.375014,-7.375014
10.604000,0.124680,-2.127799,-0.014680,-0.065935,-7.397686,-7.397686
10.608000,0.125375,-1.241288,-0.015375,-0.065997,-7.412152,-7.412152
10.612000,0.123594,-0.356232,-0.013594,-0.066051,-7.399682,-7.399682
10.616000,0.122298,0.435237,-0.012298,-0.066100,-7.391857,-7.391857
10.620000,0.125434,-0.517731,-0.015434,-0.066162,-7.432007,-7.432007
10.624000,0.128927,-1.105339,-0.018927,-0.066238,-7.477047,-7.477047
10.628000,0.129990,-1.276785,-0.019990,-0.066318,-7.496685,-7.496685
10.632000,0.127328,-1.387602,-0.017328,-0.066387,-7.475984,-7.475984
10.636000,0.127740,-1.530888,-0.017740,-0.066458,-7.488090,-7.488090
10.640000,0.126604,-2.224213,-0.016604,-0.066524,-7.483415,-7.483415
10.644000,0.127141,-2.339566,-0.017141,-0.066593,-7.496658,-7.496658
10.648000,0.124057,-1.480366,-0.014057,-0.066649,-7.470459,-7.470459
10.652000,0.119294,0.071645,-0.009294,-0.066686,-7.424838,-7.424838
10.656000,0.115972,0.562351,-0.005972,-0.066710,-7.393304,-7.393304
10.660000,0.111621,0.412259,-0.001621,-0.066717,-7.349241,-7.349241
10.664000,0.108821,-0.851213,0.001179,-0.066712,-7.320488,-7.320488
10.668000,0.109224,-1.584124,0.000776,-0.066709,-7.325592,-7.325592
10.672000,0.109380,-2.618482,0.000620,-0.066707,-7.327878,-7.327878
10.676000,0.108833,-2.627068,0.001167,-0.066702,-7.322354,-7.322354
10.680000,0.107289,-2.150783,0.002711,-0.066691,-7.305579,-7.305579
10.684000,0.107959,-1.171881,0.002041,-0.066683,-7.312381,-7.312381
10.688000,0.107959,-1.171881,0.002041,-0.066675,-7.311946,-7.311946
10.692000,0.107429,0.802791,0.002571,-0.066664,-7.305623,-7.305623
10.696000,0.105035,0.922643,0.004965,-0.066645,-7.278653,-7.278653
10.700000,0.102643,-0.239451,0.007357,-0.066615,-7.250819,-7.250819
10.704000,0.101946,-0.963225,0.008054,-0.066583,-7.240604,-7.240604
10.708000,0.100477,-2.309506,0.009523,-0.066545,-7.221584,-7.221584
10.712000,0.101217,-2.128829,0.008783,-0.066510,-7.226110,-7.226110
10.716000,0.101039,-0.409852,0.008961,-0.066474,-7.220724,-7.220724
10.720000,0.100715,1.535466,0.009285,-0.066437,-7.213597,-7.213597
10.724000,0.099413,1.613868,0.010587,-0.066394,-7.195580,-7.195580
10.728000,0.099921,1.416141,0.010079,-0.066354,-7.196871,-7.196871
10.732000,0.097994,1.114999,0.012006,-0.066306,-7.171604,-7.171604
10.736000,0.097363,0.661567,0.012637,-0.066255,-7.159820,-7.159820
10.740000,0.095601,-0.011253,0.014399,-0.066198,-7.135367,-7.135367
10.744000,0.093867,-0.093112,0.016133,-0.066133,-7.110535,-7.110535
10.748000,0.091630,-0.174299,0.018370,-0.066060,-7.079524,-7.079524
10.752000,0.087239,0.728555,0.022761,-0.065969,-7.024082,-7.024082
10.756000,0.086281,1.843501,0.023719,-0.065874,-7.004563,-7.004563
10.760000,0.084371,3.106462,0.025629,-0.065771,-6.974101,-6.974101
10.764000,0.085595,2.795419,0.024405,-0.065674,-6.977104,-6.977104
10.768000,0.085008,1.477891,0.024992,-0.065574,-6.960543,-6.960543
10.772000,0.084798,0.127252,0.025202,-0.065473,-6.947773,-6.947773
10.776000,0.080125,-0.583546,0.029875,-0.065353,-6.886015,-6.886015
10.780000,0.078672,0.497753,0.031328,-0.065228,-6.857792,-6.857792
10.784000,0.074648,1.139652,0.035352,-0.065087,-6.800791,-6.800791
10.788000,0.071664,2.070656,0.038336,-0.064933,-6.753644,-6.753644
10.792000,0.069802,1.874502,0.040198,-0.064773,-6.717541,-6.717541
10.796000,0.064651,1.805880,0.045349,-0.064591,-6.644592,-6.644592
10.800000,0.056424,2.023811,0.053576,-0.064377,-6.536022,-6.536022
10.804000,0.054481,2.258665,0.055519,-0.064155,-6.493128,-6.493128
10.808000,0.051013,1.804662,0.058987,-0.063919,-6.432501,-6.432501
10.812000,0.050694,0.975055,0.059306,-0.063682,-6.404804,-6.404804
10.816000,0.042840,-0.122288,0.067160,-0.063413,-6.294209,-6.294209
10.820000,0.025255,-0.066450,0.084745,-0.063074,-6.074205,-6.074205
10.824000,0.023797,0.569200,0.086203,-0.062729,-6.024269,-6.024269
10.828000,0.017069,1.379606,0.092931,-0.062358,-5.915510,-5.915510
10.832000,0.014611,1.732773,0.095389,-0.061976,-5.850638,-5.850638
10.836000,0.003469,1.931639,0.106531,-0.061550,-5.689335,-5.689335
10.840000,-0.004024,1.863418,0.114024,-0.061094,-5.563653,-5.563653
10.844000,-0.009193,0.871327,0.119193,-0.060617,-5.460218,-5.460218
10.848000,-0.010433,-0.085483,0.120433,-0.060135,-5.397350,-5.397350
10.852000,-0.016499,-0.463123,0.126499,-0.059629,-5.280636,-5.280636
10.856000,-0.022056,-0.494955,0.132056,-0.059101,-5.166899,-5.166899
10.860000,-0.027013,-0.037832,0.137013,-0.058553,-5.057293,-5.057293
10.864000,-0.030308,-0.026036,0.140308,-0.057992,-4.963648,-4.963648
10.868000,-0.034016,-0.633386,0.144016,-0.057416,-4.863817,-4.863817
10.872000,-0.037334,-0.951197,0.147334,-0.056826,-4.766499,-4.766499
10.876000,-0.042043,-0.956534,0.152043,-0.056218,-4.652364,-4.652364
10.880000,-0.043600,-1.080543,0.153600,-0.055604,-4.570678,-4.570678
10.884000,-0.050124,-0.840800,0.160124,-0.054963,-4.433663,-4.433663
10.888000,-0.057945,-1.025840,0.167945,-0.054291,-4.279860,-4.279860
10.892000,-0.060031,-1.347405,0.170031,-0.053611,-4.185689,-4.185689
10.896000,-0.067530,-1.693435,0.177530,-0.052901,-4.031094,-4.031094
10.900000,-0.074709,-2.089541,0.184709,-0.052162,-3.876988,-3.876988
10.904000,-0.081194,-2.870766,0.191194,-0.051398,-3.727528,-3.727528
10.908000,-0.086558,-2.950057,0.196558,-0.050611,-3.587569,-3.587569
10.912000,-0.093289,-3.175961,0.203289,-0.049798,-3.430276,-3.430276
10.916000,-0.099462,-2.838804,0.209462,-0.048960,-3.276215,-3.276215
10.920000,-0.098627,-2.474452,0.208627,-0.048126,-3.196151,-3.196151
10.924000,-0.112099,-2.951575,0.222099,-0.047237,-2.959257,-2.959257
10.928000,-0.123287,-2.635077,0.233287,-0.046304,-2.742308,-2.742308
10.932000,-0.130606,-2.881879,0.240606,-0.045342,-2.563255,-2.563255
10.936000,-0.136421,-2.768413,0.246421,-0.044356,-2.397433,-2.397433
10.940000,-0.139220,-2.610382,0.249220,-0.043359,-2.261898,-2.261898
10.944000,-0.151153,-2.738706,0.261153,-0.042315,-2.024772,-2.024772
10.948000,-0.157764,-2.968871,0.267764,-0.041244,-1.841205,-1.841205
10.952000,-0.155530,-2.466263,0.265530,-0.040182,-1.751425,-1.751425
10.956000,-0.161799,-2.729090,0.271799,-0.039094,-1.568660,-1.568660
10.960000,-0.167317,-2.921187,0.277317,-0.037985,-1.391447,-1.391447
10.964000,-0.171570,-2.720364,0.281570,-0.036859,-1.225642,-1.225642
10.968000,-0.171122,-2.420957,0.281122,-0.035734,-1.109278,-1.109278
10.972000,-0.171189,-2.405433,0.281189,-0.034610,-0.986913,-0.986913
10.976000,-0.171864,-2.707168,0.281864,-0.033482,-0.857457,-0.857457
10.980000,-0.173416,-2.276615,0.283416,-0.032348,-0.717841,-0.717841
10.984000,-0.170864,-1.534887,0.280864,-0.031225,-0.622326,-0.622326
10.988000,-0.171961,-1.384125,0.281961,-0.030097,-0.487495,-0.487495
10.992000,-0.170773,-1.383814,0.280773,-0.028974,-0.377148,-0.377148
10.996000,-0.170559,-1.855365,0.280559,-0.027852,-0.256399,-0.256399
11.000000,-0.172911,-1.984478,0.282911,-0.026720,-0.107567,-0.107567
11.004000,-0.175245,-1.416853,0.285245,-0.025579,0.041943,0.041943
11.008000,-0.174134,-1.089943,0.284134,-0.024443,0.154654,0.154654
11.012000,-0.178073,-1.405206,0.288073,-0.023290,0.322361,0.322361
11.016000,-0.179033,-1.402906,0.289033,-0.022134,0.458905,0.458905
11.020000,-0.179427,-0.933354,0.289427,-0.020977,0.589720,0.589720
11.024000,-0.186646,-0.173173,0.296646,-0.019790,0.795472,0.795472
11.028000,-0.190483,-0.476692,0.300483,-0.018588,0.966796,0.966796
11.032000,-0.186767,-0.532342,0.296767,-0.017401,1.057017,1.057017
11.036000,-0.183834,-0.669237,0.293834,-0.016226,1.154824,1.154824
11.040000,-0.180639,-0.335487,0.290639,-0.015063,1.248898,1.248898
11.044000,-0.184992,0.079727,0.294992,-0.013883,1.424507,1.424507
11.048000,-0.187739,-0.109863,0.297739,-0.012692,1.584009,1.584009
11.052000,-0.189764,0.047402,0.299764,-0.011493,1.736622,1.736622
11.056000,-0.194096,-0.185989,0.304096,-0.010277,1.915269,1.915269
11.060000,-0.197850,-0.190611,0.307850,-0.009045,2.089186,2.089186
11.064000,-0.203573,0.004054,0.313573,-0.007791,2.286121,2.286121
11.068000,-0.210989,0.012401,0.320989,-0.006507,2.503744,2.503744
11.072000,-0.209240,0.084201,0.319240,-0.005230,2.623919,2.623919
11.076000,-0.215181,0.006776,0.325181,-0.003929,2.828009,2.828009
11.084000,-0.225459,0.288594,0.335459,-0.001267,3.225285,3.225285
11.088000,-0.228818,-0.164064,0.338818,0.000089,3.407627,3.407627
11.092000,-0.228048,-0.113472,0.338048,0.001441,3.546346,3.546346
11.096000,-0.229867,0.315996,0.339867,0.002800,3.713502,3.713502
11.100000,-0.228035,0.418550,0.338035,0.004152,3.841641,3.841641
11.104000,-0.228687,0.839935,0.338687,0.005507,3.996602,3.996602
11.108000,-0.225023,1.140107,0.335023,0.006847,4.104748,4.104748
11.112000,-0.227788,1.115845,0.337788,0.008198,4.282141,4.282141
11.116000,-0.222644,0.290792,0.332644,0.009529,4.374006,4.374006
11.120000,-0.217474,0.376649,0.327474,0.010839,4.463936,4.463936
11.124000,-0.213035,0.535916,0.323035,0.012131,4.560076,4.560076
11.128000,-0.208762,0.351993,0.318762,0.013406,4.656400,4.656400
11.132000,-0.204389,0.378423,0.314389,0.014664,4.749986,4.749986
11.136000,-0.198859,1.379171,0.308859,0.015899,4.829197,4.829197
11.140000,-0.195502,1.798071,0.305502,0.017121,4.930031,4.930031
11.144000,-0.188236,1.676471,0.298236,0.018314,4.986621,4.986621
11.148000,-0.186214,1.493407,0.296214,0.019499,5.097778,5.097778
11.152000,-0.182087,1.197738,0.292087,0.020667,5.184812,5.184812
11.156000,-0.179823,1.165424,0.289823,0.021826,5.290451,5.290451
11.160000,-0.173495,0.716850,0.283495,0.022960,5.350475,5.350475
11.164000,-0.166427,0.712828,0.276427,0.024066,5.399922,5.399922
11.168000,-0.162642,0.858078,0.272642,0.025157,5.482458,5.482458
11.172000,-0.162642,0.858078,0.272642,0.026247,5.604659,5.604659
11.176000,-0.158127,1.982781,0.268127,0.027320,5.677022,5.677022
11.180000,-0.154944,2.477061,0.264944,0.028380,5.762059,5.762059
11.184000,-0.153727,2.306419,0.263727,0.029434,5.867150,5.867150
11.188000,-0.152263,1.677915,0.262263,0.030484,5.968755,5.968755
11.192000,-0.148685,1.022135,0.258685,0.031518,6.046423,6.046423
11.196000,-0.146493,0.482709,0.256493,0.032544,6.137746,6.137746
11.200000,-0.148671,0.030579,0.258671,0.033579,6.275846,6.275846
11.204000,-0.147184,0.428293,0.257184,0.034608,6.374294,6.374294
11.208000,-0.148566,0.739664,0.258566,0.035642,6.503453,6.503453
11.212000,-0.149913,1.070500,0.259913,0.036682,6.632518,6.632518
11.216000,-0.148996,1.888539,0.258996,0.037718,6.737168,6.737168
11.220000,-0.150618,2.077558,0.260618,0.038760,6.869212,6.869212
11.224000,-0.141497,1.687458,0.251497,0.039766,6.884216,6.884216
11.228000,-0.141328,1.260066,0.251328,0.040771,6.994030,6.994030
11.232000,-0.135200,1.234319,0.245200,0.041752,7.038397,7.038397
11.236000,-0.137621,1.060720,0.247621,0.042743,7.174039,7.174039
11.240000,-0.139907,0.403642,0.249907,0.043742,7.308768,7.308768
11.244000,-0.136817,-0.006116,0.246817,0.044729,7.385307,7.385307
11.248000,-0.139285,-0.134763,0.249285,0.045727,7.521531,7.521531
11.252000,-0.141828,-0.697884,0.251828,0.046734,7.659290,7.659290
11.256000,-0.143743,0.092375,0.253743,0.047749,7.790982,7.790982
11.260000,-0.142081,0.252190,0.252081,0.048757,7.884215,7.884215
11.264000,-0.144132,-0.012070,0.254132,0.049774,8.017549,8.017549
11.268000,-0.143849,0.431453,0.253849,0.050789,8.126051,8.126051
11.272000,-0.144500,0.499261,0.254500,0.051807,8.244717,8.244717
